"Wall slice (x=10): z_over_c","Wall slice (x=10): Position[Y] (m)","Wall slice (x=10): z_over_c","Wall slice (x=10): Wall Shear Stress: Magnitude (Pa)"
5.04222725589193,-27.518169260569607,5.04222725589193,11.357992386990725
5.057924005813412,-27.536993141267033,5.057924005813412,11.49066426079956
5.073544832774942,-27.555074525494547,5.073544832774942,11.316821680707577
5.0888170155578365,-27.57227330117493,5.0888170155578365,11.228394369309296
5.10426313493069,-27.58911250260756,5.10426313493069,11.072348692438245
5.120073695360134,-27.605774908837972,5.120073695360134,11.012112241061049
5.135558500641395,-27.621729851357337,5.135558500641395,10.620255608121429
5.150870052246759,-27.637502266422068,5.150870052246759,10.377091867391167
5.166548156524371,-27.653746064175266,5.166548156524371,10.437212460685599
5.1824123646212925,-27.670096487321445,5.1824123646212925,10.562581207352356
5.197822948171833,-27.68569238528606,5.197822948171833,10.594801512582745
5.2131144196285675,-27.700693441172934,5.2131144196285675,10.572093408579567
5.2288017854107025,-27.715591162455382,5.2288017854107025,10.204338171283103
5.244567674041761,-27.729914016069685,5.244567674041761,10.049367778336386
5.260012987509441,-27.7435057830526,5.260012987509441,9.22678032179205
5.275040335298833,-27.75661569288777,5.275040335298833,8.865653084629695
5.289537260342648,-27.769045555962812,5.289537260342648,8.024260745606993
5.431795159664993,-27.779372889020273,5.431795159664993,4.590045143538866
5.426326122576711,-27.773406242598156,5.426326122576711,5.948262883843626
5.303391036840665,-27.78070796890703,5.303391036840665,7.411575812971779
5.422459332147589,-27.76918762588253,5.422459332147589,5.659524240971051
5.316322047524196,-27.791329226683857,5.316322047524196,1.901110920724251
5.419039625040426,-27.765456771100176,5.419039625040426,5.343729309812429
5.325660689861593,-27.79888911392618,5.325660689861593,7.181931539378894
5.41562083129142,-27.761726912779395,5.41562083129142,5.207580933110736
5.330592338145479,-27.773984420141286,5.330592338145479,3.343313685493431
5.32919707179191,-27.794810613812594,5.32919707179191,2.934103838592804
5.411259610064995,-27.75696887866723,5.411259610064995,5.642649895642929
5.331651688405984,-27.75817228038767,5.331651688405984,10.681342964460297
5.333994570743698,-27.7232032435874,5.333994570743698,8.604950824297035
5.396526452057316,-27.740878960215994,5.396526452057316,5.816025801301346
5.402784919774106,-27.747719241343532,5.402784919774106,5.816025801301346
5.406764615666006,-27.75206287768931,5.406764615666006,5.816025801301346
5.368249179019479,-27.709694818483097,5.368249179019479,5.490038864022261
5.3853506012907175,-27.728588442827736,5.3853506012907175,5.840826080168896
5.336718291645582,-27.682550097916543,5.336718291645582,6.817045659662069
5.349412703766177,-27.6888274374623,5.349412703766177,4.927659091131195
5.338505004546505,-27.67673870135151,5.338505004546505,4.05446067701688
4.75830646952015,-26.604471730471218,4.75830646952015,14.471636844777082
4.773247311672769,-26.599858816679305,4.773247311672769,10.562459753079983
4.788084887956373,-26.600163141448242,4.788084887956373,4.731997376372503
4.803121742275053,-26.604941304866372,4.803121742275053,2.3906048473132646
4.81817901655414,-26.612299468476902,4.81817901655414,0.9923631891797813
4.833047410309007,-26.621717867912807,4.833047410309007,0.8169226410855884
4.848387791124097,-26.632086654222206,4.848387791124097,1.4427058894147429
4.864048825586991,-26.643508586887698,4.864048825586991,1.9812744623678284
4.8795548677027085,-26.65611986352495,4.8795548677027085,2.1659843152555025
4.895165557954556,-26.66847924453814,4.895165557954556,2.184261571259195
4.910478526037373,-26.68034043451426,4.910478526037373,2.1062958906776887
4.92589933164345,-26.69333104041795,4.92589933164345,1.9527995284979065
4.941583027162579,-26.707639333427892,4.941583027162579,1.9095732761575075
4.957300365250944,-26.722998739137417,4.957300365250944,1.7821549290178256
4.972542063546598,-26.738520459150507,4.972542063546598,1.7259986384246842
4.987706304011084,-26.754748715461005,4.987706304011084,1.6462835531938598
5.003356319612344,-26.772371952119734,5.003356319612344,1.6091824017935015
5.018889049226203,-26.790354669975414,5.018889049226203,1.5924397055919923
5.034266392881037,-26.80884221797882,5.034266392881037,1.6534611305061426
5.049528918784276,-26.829814040797153,5.049528918784276,1.6459327908208554
5.064860752226423,-26.853122918461693,5.064860752226423,1.6112631012117518
5.080313745442069,-26.876981289669246,5.080313745442069,1.6174703215642827
5.096389529470784,-26.902166432595962,5.096389529470784,1.652972927129733
5.1113346021526525,-26.92612273114635,5.1113346021526525,1.6693187683607895
5.126399701499949,-26.9508987001103,5.126399701499949,1.6764847646644232
5.1424683297786515,-26.977310852908168,5.1424683297786515,1.7073377572823414
5.15803123348995,-27.002657972786267,5.15803123348995,1.801052430194939
5.174044986880688,-27.029338922728325,5.174044986880688,1.822159477118205
5.189606000339197,-27.056142738492596,5.189606000339197,1.8517613401718138
5.20482057459931,-27.08278319751779,5.20482057459931,1.858568318966627
5.2198662141725976,-27.109192767029846,5.2198662141725976,1.8980177217434515
5.235424758198967,-27.136600905814582,5.235424758198967,1.926818625235931
5.251243648677871,-27.165052999674323,5.251243648677871,1.956213314556632
5.266802810259136,-27.193732875356638,5.266802810259136,1.9517399542049938
5.2825673793683166,-27.22320508557288,5.2825673793683166,1.9358713022180714
5.298142498307719,-27.252265440848944,5.298142498307719,1.9350218970404969
5.313899430768998,-27.281615892369317,5.313899430768998,1.9968795591110906
5.329442783982756,-27.311607767280783,5.329442783982756,1.9568779825568352
5.345036328736569,-27.34279284253954,5.345036328736569,1.8950680515423206
5.360664743970389,-27.373659703208432,5.360664743970389,1.8583842856630581
5.376380242686537,-27.403888353562976,5.376380242686537,1.8769342244407976
5.3919276501544005,-27.433919003664982,5.3919276501544005,1.8817047542144367
5.40743325868408,-27.46511924040575,5.40743325868408,1.8505221027776524
5.422946164526493,-27.49770319609608,5.422946164526493,1.7776021259366839
5.438283035645227,-27.530529425318186,5.438283035645227,1.7213664573225735
5.453876927162355,-27.56380315060126,5.453876927162355,1.6708718107323077
5.469263633434011,-27.596592257688485,5.469263633434011,1.6221672968440008
5.484841837197045,-27.62990665872141,5.484841837197045,1.573324752605052
5.500124360022852,-27.66294420498747,5.500124360022852,1.5308164939265227
5.4469687405858735,-27.79592706315565,5.4469687405858735,0.38560171457962017
5.450441097383788,-27.799715358047447,5.450441097383788,0.7464914460809485
5.45445635392003,-27.804095949303115,5.45445635392003,1.1288457776821146
5.4583774153771145,-27.808373774985434,5.4583774153771145,1.3315110676442987
5.4609458613198925,-27.81117591520637,5.4609458613198925,1.2581557732588387
5.46296262348676,-27.81337617579574,5.46296262348676,1.6517673608053318
5.466495252653644,-27.817230227037122,5.466495252653644,1.4695303218282187
5.469307040026692,-27.820297849508574,5.469307040026692,1.4119500598717745
5.471119866118201,-27.822275618563385,5.471119866118201,1.3754124194181636
5.474375723644712,-27.825827715641505,5.474375723644712,1.5413799797830288
5.478561651832003,-27.830394507389073,5.478561651832003,1.3825464264460432
5.515679115587197,-27.697494306328327,5.515679115587197,1.4526437848295182
5.482550416174391,-27.83474619601507,5.482550416174391,1.414635209740512
5.528161315047882,-27.725749518538613,5.528161315047882,1.3996311763444582
5.4884731653272,-27.84120783624008,5.4884731653272,1.4140679136454057
5.535954269492493,-27.743495326169942,5.535954269492493,1.375651054772079
5.49657567072137,-27.850047561412893,5.49657567072137,1.4846658417697447
5.547815393710479,-27.77042358207387,5.547815393710479,1.3223198081342116
5.588763432422034,-27.87204535432725,5.588763432422034,1.428417772909488
5.584127052015063,-27.851915278237296,5.584127052015063,1.428417772909488
5.584554738621904,-27.853130331983245,5.584554738621904,1.428417772909488
5.584798412389084,-27.854468848762277,5.584798412389084,1.428417772909488
5.592689900117811,-27.905683746475564,5.592689900117811,1.5514164807571365
5.50433844535911,-27.858516644867667,5.50433844535911,1.4848158638298794
5.563165323992976,-27.804895238463477,5.563165323992976,1.2625911248907482
5.576993351233597,-27.835812453351686,5.576993351233597,1.2735153183837533
5.590877762864622,-27.936513508109698,5.590877762864622,1.4434665452804953
5.512133433189668,-27.867020872485604,5.512133433189668,1.3912214160119356
5.583160700095135,-27.944148035896724,5.583160700095135,1.2676170304083854
5.520390455466909,-27.876029173514212,5.520390455466909,1.4712584143774194
5.570502302335136,-27.93055859291388,5.570502302335136,1.4787093309497996
5.528140193599569,-27.884484034316056,5.528140193599569,1.5204992319385109
5.555843861582531,-27.91469235470891,5.555843861582531,1.6197006251526953
5.539918839614145,-27.897334379809376,5.539918839614145,1.5392129215927608
5.026714607531687,-27.498913412011706,5.026714607531687,11.217515661405377
4.980039654189184,-27.43849204287413,4.980039654189184,11.041796085586792
5.0113733177528275,-27.479399307104355,5.0113733177528275,11.076800430112096
4.933631589082907,-27.37322855703316,4.933631589082907,10.970408801423703
4.91825569162166,-27.35057566026517,4.91825569162166,10.69831723188139
4.902966951468869,-27.327299664710047,4.902966951468869,10.490394814679753
4.8874207695559875,-27.303068753320026,4.8874207695559875,10.153041077088208
4.96480472109338,-27.417548819907154,4.96480472109338,11.20302188099795
4.995561718660632,-27.459083839850774,4.995561718660632,11.489825534240152
4.949147027706928,-27.395529720839583,4.949147027706928,10.829352127667967
4.87124203939954,-27.27742416120433,4.87124203939954,9.865671298366584
4.855696575835168,-27.252496837122436,4.855696575835168,9.661909303061483
4.840547325533244,-27.227891578072224,4.840547325533244,9.60946815646928
4.825358148040522,-27.202673477133978,4.825358148040522,9.13274040761197
4.809805609292248,-27.176231737895904,4.809805609292248,8.894948805785283
4.793847017201628,-27.14871683365348,4.793847017201628,8.629060774339742
4.778327278138306,-27.12144010893729,4.778327278138306,8.182151695874534
4.7625071935008805,-27.092778280517308,4.7625071935008805,7.442742100324351
4.746965991508034,-27.064154479340253,4.746965991508034,6.964874378086518
4.731165400110314,-27.034813233234647,4.731165400110314,6.1377635726828075
4.715650278637241,-27.0056408247102,4.715650278637241,5.3754992278849185
4.70020357154047,-26.975934664408783,4.70020357154047,4.064289531551534
4.685484180482334,-26.94674481729436,4.685484180482334,2.170039311057453
4.673235528991093,-26.916336792065966,4.673235528991093,0.15496350328424965
4.664277350649627,-26.877992136459426,4.664277350649627,3.9835621169795403
4.660099547894227,-26.834153213380766,4.660099547894227,14.070560696455328
4.659948161347586,-26.789660670635136,4.659948161347586,39.553933922088895
4.743306520129913,-26.61258298914497,4.743306520129913,18.377687507767394
4.663809034548748,-26.747283107683693,4.663809034548748,58.86654779793545
4.728826689871866,-26.624358774858695,4.728826689871866,20.287611592127163
4.672692545475272,-26.708914866086545,4.672692545475272,56.83943195707132
4.684990183425342,-26.6813358623916,4.684990183425342,39.96491449101187
4.714376375192138,-26.64052858151078,4.714376375192138,19.145992887973573
4.699139471400599,-26.660573342594503,4.699139471400599,24.47355806270968
